USE BookingMS;
GO

-- 1. ADMINS
INSERT INTO ADMINS (email, password_hash, full_name, status) VALUES ('admin1_cường@hotel.com', 'hash_pass_1', N'Trần Cường', 'ACTIVE');
INSERT INTO ADMINS (email, password_hash, full_name, status) VALUES ('admin2_khánh@hotel.com', 'hash_pass_2', N'Hồ Khánh', 'ACTIVE');
INSERT INTO ADMINS (email, password_hash, full_name, status) VALUES ('admin3_hương@hotel.com', 'hash_pass_3', N'Lê Hương', 'ACTIVE');
INSERT INTO ADMINS (email, password_hash, full_name, status) VALUES ('admin4_hùng@hotel.com', 'hash_pass_4', N'Nguyễn Hùng', 'ACTIVE');
INSERT INTO ADMINS (email, password_hash, full_name, status) VALUES ('admin5_vinh@hotel.com', 'hash_pass_5', N'Đặng Vinh', 'ACTIVE');
INSERT INTO ADMINS (email, password_hash, full_name, status) VALUES ('admin6_nga@hotel.com', 'hash_pass_6', N'Phạm Nga', 'ACTIVE');
INSERT INTO ADMINS (email, password_hash, full_name, status) VALUES ('admin7_phát@hotel.com', 'hash_pass_7', N'Huỳnh Phát', 'ACTIVE');
INSERT INTO ADMINS (email, password_hash, full_name, status) VALUES ('admin8_an@hotel.com', 'hash_pass_8', N'Dương An', 'ACTIVE');
INSERT INTO ADMINS (email, password_hash, full_name, status) VALUES ('admin9_an@hotel.com', 'hash_pass_9', N'Dương An', 'ACTIVE');
INSERT INTO ADMINS (email, password_hash, full_name, status) VALUES ('admin10_giang@hotel.com', 'hash_pass_10', N'Lê Giang', 'ACTIVE');

-- 2. ROLES
INSERT INTO ROLES (code, name, description) VALUES ('SUPER_ADMIN', N'Quản trị cấp cao', N'Full Access');
INSERT INTO ROLES (code, name, description) VALUES ('MANAGER', N'Quản lý', N'Manage Ops');
INSERT INTO ROLES (code, name, description) VALUES ('RECEPTIONIST', N'Lễ tân', N'Front Desk');

-- 3. ADMIN_ROLES
INSERT INTO ADMIN_ROLES (admin_id, role_id) VALUES (1, 3);
INSERT INTO ADMIN_ROLES (admin_id, role_id) VALUES (2, 3);
INSERT INTO ADMIN_ROLES (admin_id, role_id) VALUES (3, 1);
INSERT INTO ADMIN_ROLES (admin_id, role_id) VALUES (4, 3);
INSERT INTO ADMIN_ROLES (admin_id, role_id) VALUES (5, 1);
INSERT INTO ADMIN_ROLES (admin_id, role_id) VALUES (6, 2);
INSERT INTO ADMIN_ROLES (admin_id, role_id) VALUES (7, 2);
INSERT INTO ADMIN_ROLES (admin_id, role_id) VALUES (8, 3);
INSERT INTO ADMIN_ROLES (admin_id, role_id) VALUES (9, 3);
INSERT INTO ADMIN_ROLES (admin_id, role_id) VALUES (10, 1);

-- 4. USERS
INSERT INTO USERS (email, phone, password_hash, full_name, status) VALUES ('user1_cường@gmail.com', '0910238356', 'hash_user_1', N'Đỗ Cường', 'ACTIVE');
INSERT INTO USERS (email, phone, password_hash, full_name, status) VALUES ('user2_quân@gmail.com', '0934108436', 'hash_user_2', N'Nguyễn Quân', 'ACTIVE');
INSERT INTO USERS (email, phone, password_hash, full_name, status) VALUES ('user3_thảo@gmail.com', '0916766660', 'hash_user_3', N'Lê Thảo', 'ACTIVE');
INSERT INTO USERS (email, phone, password_hash, full_name, status) VALUES ('user4_vinh@gmail.com', '0921470986', 'hash_user_4', N'Ngô Vinh', 'ACTIVE');
INSERT INTO USERS (email, phone, password_hash, full_name, status) VALUES ('user5_an@gmail.com', '0975082376', 'hash_user_5', N'Hồ An', 'ACTIVE');
INSERT INTO USERS (email, phone, password_hash, full_name, status) VALUES ('user6_trang@gmail.com', '0967745610', 'hash_user_6', N'Phan Trang', 'ACTIVE');
INSERT INTO USERS (email, phone, password_hash, full_name, status) VALUES ('user7_thảo@gmail.com', '0997688091', 'hash_user_7', N'Trần Thảo', 'ACTIVE');
INSERT INTO USERS (email, phone, password_hash, full_name, status) VALUES ('user8_trang@gmail.com', '0963242797', 'hash_user_8', N'Hồ Trang', 'ACTIVE');
INSERT INTO USERS (email, phone, password_hash, full_name, status) VALUES ('user9_thảo@gmail.com', '0927526321', 'hash_user_9', N'Ngô Thảo', 'ACTIVE');
INSERT INTO USERS (email, phone, password_hash, full_name, status) VALUES ('user10_vinh@gmail.com', '0929828619', 'hash_user_10', N'Phan Vinh', 'ACTIVE');
INSERT INTO USERS (email, phone, password_hash, full_name, status) VALUES ('user11_giang@gmail.com', '0939155446', 'hash_user_11', N'Lê Giang', 'ACTIVE');
INSERT INTO USERS (email, phone, password_hash, full_name, status) VALUES ('user12_trang@gmail.com', '0981481626', 'hash_user_12', N'Bùi Trang', 'ACTIVE');
INSERT INTO USERS (email, phone, password_hash, full_name, status) VALUES ('user13_hùng@gmail.com', '0995160890', 'hash_user_13', N'Đỗ Hùng', 'ACTIVE');
INSERT INTO USERS (email, phone, password_hash, full_name, status) VALUES ('user14_trang@gmail.com', '0986035331', 'hash_user_14', N'Phan Trang', 'ACTIVE');
INSERT INTO USERS (email, phone, password_hash, full_name, status) VALUES ('user15_quân@gmail.com', '0967494274', 'hash_user_15', N'Ngô Quân', 'ACTIVE');
INSERT INTO USERS (email, phone, password_hash, full_name, status) VALUES ('user16_cường@gmail.com', '0998842298', 'hash_user_16', N'Lý Cường', 'ACTIVE');
INSERT INTO USERS (email, phone, password_hash, full_name, status) VALUES ('user17_vinh@gmail.com', '0972366807', 'hash_user_17', N'Huỳnh Vinh', 'ACTIVE');
INSERT INTO USERS (email, phone, password_hash, full_name, status) VALUES ('user18_sơn@gmail.com', '0960180785', 'hash_user_18', N'Hoàng Sơn', 'INACTIVE');
INSERT INTO USERS (email, phone, password_hash, full_name, status) VALUES ('user19_sơn@gmail.com', '0961107109', 'hash_user_19', N'Phan Sơn', 'INACTIVE');
INSERT INTO USERS (email, phone, password_hash, full_name, status) VALUES ('user20_an@gmail.com', '0932189912', 'hash_user_20', N'Nguyễn An', 'INACTIVE');

-- 5. LOAIPHONG
INSERT INTO LOAIPHONG (ten_loai, gia_co_ban, mo_ta, suc_chua) VALUES (N'Standard Single', 400000, N'Mô tả cho Standard Single', 1);
INSERT INTO LOAIPHONG (ten_loai, gia_co_ban, mo_ta, suc_chua) VALUES (N'Standard Double', 600000, N'Mô tả cho Standard Double', 2);
INSERT INTO LOAIPHONG (ten_loai, gia_co_ban, mo_ta, suc_chua) VALUES (N'Deluxe Ocean View', 1500000, N'Mô tả cho Deluxe Ocean View', 2);
INSERT INTO LOAIPHONG (ten_loai, gia_co_ban, mo_ta, suc_chua) VALUES (N'Executive Suite', 3000000, N'Mô tả cho Executive Suite', 2);
INSERT INTO LOAIPHONG (ten_loai, gia_co_ban, mo_ta, suc_chua) VALUES (N'Family Apartment', 4500000, N'Mô tả cho Family Apartment', 4);

-- 6. PHONG
INSERT INTO PHONG (so_phong, loai_phong_id, trang_thai) VALUES ('101', 3, 'AVAILABLE');
INSERT INTO PHONG (so_phong, loai_phong_id, trang_thai) VALUES ('102', 2, 'AVAILABLE');
INSERT INTO PHONG (so_phong, loai_phong_id, trang_thai) VALUES ('103', 5, 'AVAILABLE');
INSERT INTO PHONG (so_phong, loai_phong_id, trang_thai) VALUES ('104', 1, 'AVAILABLE');
INSERT INTO PHONG (so_phong, loai_phong_id, trang_thai) VALUES ('105', 2, 'MAINTENANCE');
INSERT INTO PHONG (so_phong, loai_phong_id, trang_thai) VALUES ('201', 5, 'AVAILABLE');
INSERT INTO PHONG (so_phong, loai_phong_id, trang_thai) VALUES ('202', 4, 'AVAILABLE');
INSERT INTO PHONG (so_phong, loai_phong_id, trang_thai) VALUES ('203', 2, 'OCCUPIED');
INSERT INTO PHONG (so_phong, loai_phong_id, trang_thai) VALUES ('204', 4, 'AVAILABLE');
INSERT INTO PHONG (so_phong, loai_phong_id, trang_thai) VALUES ('205', 1, 'AVAILABLE');
INSERT INTO PHONG (so_phong, loai_phong_id, trang_thai) VALUES ('301', 3, 'AVAILABLE');
INSERT INTO PHONG (so_phong, loai_phong_id, trang_thai) VALUES ('302', 2, 'AVAILABLE');
INSERT INTO PHONG (so_phong, loai_phong_id, trang_thai) VALUES ('303', 2, 'AVAILABLE');
INSERT INTO PHONG (so_phong, loai_phong_id, trang_thai) VALUES ('304', 1, 'OCCUPIED');
INSERT INTO PHONG (so_phong, loai_phong_id, trang_thai) VALUES ('305', 5, 'AVAILABLE');
INSERT INTO PHONG (so_phong, loai_phong_id, trang_thai) VALUES ('401', 5, 'AVAILABLE');
INSERT INTO PHONG (so_phong, loai_phong_id, trang_thai) VALUES ('402', 2, 'AVAILABLE');
INSERT INTO PHONG (so_phong, loai_phong_id, trang_thai) VALUES ('403', 4, 'MAINTENANCE');
INSERT INTO PHONG (so_phong, loai_phong_id, trang_thai) VALUES ('404', 3, 'OCCUPIED');
INSERT INTO PHONG (so_phong, loai_phong_id, trang_thai) VALUES ('405', 4, 'OCCUPIED');
INSERT INTO PHONG (so_phong, loai_phong_id, trang_thai) VALUES ('501', 1, 'MAINTENANCE');
INSERT INTO PHONG (so_phong, loai_phong_id, trang_thai) VALUES ('502', 3, 'AVAILABLE');
INSERT INTO PHONG (so_phong, loai_phong_id, trang_thai) VALUES ('503', 2, 'AVAILABLE');
INSERT INTO PHONG (so_phong, loai_phong_id, trang_thai) VALUES ('504', 4, 'AVAILABLE');
INSERT INTO PHONG (so_phong, loai_phong_id, trang_thai) VALUES ('505', 2, 'AVAILABLE');
INSERT INTO PHONG (so_phong, loai_phong_id, trang_thai) VALUES ('601', 3, 'AVAILABLE');
INSERT INTO PHONG (so_phong, loai_phong_id, trang_thai) VALUES ('602', 5, 'OCCUPIED');
INSERT INTO PHONG (so_phong, loai_phong_id, trang_thai) VALUES ('603', 2, 'AVAILABLE');
INSERT INTO PHONG (so_phong, loai_phong_id, trang_thai) VALUES ('604', 4, 'AVAILABLE');
INSERT INTO PHONG (so_phong, loai_phong_id, trang_thai) VALUES ('605', 4, 'AVAILABLE');

-- 7. VOUCHERS
INSERT INTO VOUCHERS (ma_code, phan_tram_giam, ngay_het_han, so_tien_toi_thieu, so_lan_toi_da, trang_thai) VALUES ('DISCOUNT5', 5, '2026-12-31', 100000, 100, 'ACTIVE');
INSERT INTO VOUCHERS (ma_code, phan_tram_giam, ngay_het_han, so_tien_toi_thieu, so_lan_toi_da, trang_thai) VALUES ('DISCOUNT10', 10, '2026-12-31', 200000, 100, 'ACTIVE');
INSERT INTO VOUCHERS (ma_code, phan_tram_giam, ngay_het_han, so_tien_toi_thieu, so_lan_toi_da, trang_thai) VALUES ('DISCOUNT15', 15, '2026-12-31', 300000, 100, 'ACTIVE');
INSERT INTO VOUCHERS (ma_code, phan_tram_giam, ngay_het_han, so_tien_toi_thieu, so_lan_toi_da, trang_thai) VALUES ('DISCOUNT20', 20, '2026-12-31', 400000, 100, 'ACTIVE');
INSERT INTO VOUCHERS (ma_code, phan_tram_giam, ngay_het_han, so_tien_toi_thieu, so_lan_toi_da, trang_thai) VALUES ('DISCOUNT25', 25, '2026-12-31', 500000, 100, 'ACTIVE');
INSERT INTO VOUCHERS (ma_code, phan_tram_giam, ngay_het_han, so_tien_toi_thieu, so_lan_toi_da, trang_thai) VALUES ('DISCOUNT30', 30, '2026-12-31', 600000, 100, 'ACTIVE');
INSERT INTO VOUCHERS (ma_code, phan_tram_giam, ngay_het_han, so_tien_toi_thieu, so_lan_toi_da, trang_thai) VALUES ('DISCOUNT35', 35, '2026-12-31', 700000, 100, 'ACTIVE');
INSERT INTO VOUCHERS (ma_code, phan_tram_giam, ngay_het_han, so_tien_toi_thieu, so_lan_toi_da, trang_thai) VALUES ('DISCOUNT40', 40, '2026-12-31', 800000, 100, 'ACTIVE');
INSERT INTO VOUCHERS (ma_code, phan_tram_giam, ngay_het_han, so_tien_toi_thieu, so_lan_toi_da, trang_thai) VALUES ('DISCOUNT45', 45, '2026-12-31', 900000, 100, 'ACTIVE');
INSERT INTO VOUCHERS (ma_code, phan_tram_giam, ngay_het_han, so_tien_toi_thieu, so_lan_toi_da, so_lan_da_dung, trang_thai) VALUES ('DISCOUNT50', 50, '2026-12-31', 1000000, 100, 100, 'ACTIVE');

-- 8. DICHVU
INSERT INTO DICHVU (ten_dich_vu, don_gia, don_vi_tinh, trang_thai) VALUES (N'Coca Cola', 15000, N'Lon', 'ACTIVE');
INSERT INTO DICHVU (ten_dich_vu, don_gia, don_vi_tinh, trang_thai) VALUES (N'Pepsi', 15000, N'Lon', 'ACTIVE');
INSERT INTO DICHVU (ten_dich_vu, don_gia, don_vi_tinh, trang_thai) VALUES (N'Bia Tiger', 25000, N'Lon', 'ACTIVE');
INSERT INTO DICHVU (ten_dich_vu, don_gia, don_vi_tinh, trang_thai) VALUES (N'Mì ly', 10000, N'Ly', 'ACTIVE');
INSERT INTO DICHVU (ten_dich_vu, don_gia, don_vi_tinh, trang_thai) VALUES (N'Giặt ủi (Áo)', 20000, N'Cái', 'ACTIVE');
INSERT INTO DICHVU (ten_dich_vu, don_gia, don_vi_tinh, trang_thai) VALUES (N'Giặt ủi (Quần)', 25000, N'Cái', 'ACTIVE');
INSERT INTO DICHVU (ten_dich_vu, don_gia, don_vi_tinh, trang_thai) VALUES (N'Thuê xe máy', 150000, N'Ngày', 'ACTIVE');
INSERT INTO DICHVU (ten_dich_vu, don_gia, don_vi_tinh, trang_thai) VALUES (N'Đưa đón sân bay', 300000, N'Lượt', 'ACTIVE');
INSERT INTO DICHVU (ten_dich_vu, don_gia, don_vi_tinh, trang_thai) VALUES (N'Spa Body', 400000, N'Suất', 'ACTIVE');
INSERT INTO DICHVU (ten_dich_vu, don_gia, don_vi_tinh, trang_thai) VALUES (N'Ăn sáng tại phòng', 100000, N'Suất', 'ACTIVE');

-- 9. DATPHONG, CT_DATPHONG, PAYMENTS, REVIEWS
INSERT INTO DATPHONG (user_id, voucher_id, check_in, check_out, trang_thai) VALUES (1, 9, '2023-07-04 14:00:00', '2023-07-06 12:00:00', 'CANCELLED');
INSERT INTO CT_DATPHONG (datphong_id, phong_id, don_gia) VALUES (1, 10, 600000);
INSERT INTO PAYMENTS (booking_id, user_id, so_tien, phuong_thuc, trang_thai) VALUES (1, 1, 1200000, 'TIEN_MAT', 'REFUNDED');
INSERT INTO REFUNDS (payment_id, so_tien_hoan, trang_thai, ly_do, requested_by, approved_by) VALUES (1, 1200000, 'COMPLETED', N'Khách hủy', 1, 1);
INSERT INTO DATPHONG (user_id, voucher_id, check_in, check_out, trang_thai) VALUES (14, 9, '2020-01-01 14:00:00', '2030-01-01 12:00:00', 'CONFIRMED');
INSERT INTO CT_DATPHONG (datphong_id, phong_id, don_gia) VALUES (2, 16, 1500000);
INSERT INTO PAYMENTS (booking_id, user_id, so_tien, phuong_thuc, trang_thai) VALUES (2, 14, 4500000, 'CHUYEN_KHOAN', 'PENDING');
INSERT INTO DATPHONG (user_id, voucher_id, check_in, check_out, trang_thai) VALUES (8, 5, '2023-04-04 14:00:00', '2023-04-06 12:00:00', 'CONFIRMED');
INSERT INTO CT_DATPHONG (datphong_id, phong_id, don_gia) VALUES (3, 9, 600000);
INSERT INTO PAYMENTS (booking_id, user_id, so_tien, phuong_thuc, trang_thai) VALUES (3, 8, 1200000, 'CHUYEN_KHOAN', 'PENDING');
INSERT INTO DATPHONG (user_id, voucher_id, check_in, check_out, trang_thai) VALUES (7, NULL, '2023-06-14 14:00:00', '2023-06-15 12:00:00', 'PENDING');
INSERT INTO CT_DATPHONG (datphong_id, phong_id, don_gia) VALUES (4, 24, 1500000);
INSERT INTO PAYMENTS (booking_id, user_id, so_tien, phuong_thuc, trang_thai) VALUES (4, 7, 1500000, 'TIEN_MAT', 'REFUNDED');
INSERT INTO REFUNDS (payment_id, so_tien_hoan, trang_thai, ly_do, requested_by, approved_by) VALUES (4, 1500000, 'COMPLETED', N'Khách hủy', 7, 1);
INSERT INTO DATPHONG (user_id, voucher_id, check_in, check_out, trang_thai) VALUES (16, 1, '2024-01-17 14:00:00', '2024-01-18 12:00:00', 'CANCELLED');
INSERT INTO CT_DATPHONG (datphong_id, phong_id, don_gia) VALUES (5, 23, 400000);
INSERT INTO PAYMENTS (booking_id, user_id, so_tien, phuong_thuc, trang_thai) VALUES (5, 16, 400000, 'THE', 'REFUNDED');
INSERT INTO REFUNDS (payment_id, so_tien_hoan, trang_thai, ly_do, requested_by, approved_by) VALUES (5, 400000, 'COMPLETED', N'Khách hủy', 16, 1);
INSERT INTO DATPHONG (user_id, voucher_id, check_in, check_out, trang_thai) VALUES (12, NULL, '2024-01-19 14:00:00', '2024-01-21 12:00:00', 'CANCELLED');
INSERT INTO CT_DATPHONG (datphong_id, phong_id, don_gia) VALUES (6, 8, 1500000);
INSERT INTO PAYMENTS (booking_id, user_id, so_tien, phuong_thuc, trang_thai) VALUES (6, 12, 3000000, 'THE', 'REFUNDED');
INSERT INTO REFUNDS (payment_id, so_tien_hoan, trang_thai, ly_do, requested_by, approved_by) VALUES (6, 3000000, 'COMPLETED', N'Khách hủy', 12, 1);
INSERT INTO DATPHONG (user_id, voucher_id, check_in, check_out, trang_thai) VALUES (11, NULL, '2023-08-29 14:00:00', '2023-09-03 12:00:00', 'CANCELLED');
INSERT INTO CT_DATPHONG (datphong_id, phong_id, don_gia) VALUES (7, 25, 1500000);
INSERT INTO PAYMENTS (booking_id, user_id, so_tien, phuong_thuc, trang_thai) VALUES (7, 11, 7500000, 'THE', 'REFUNDED');
INSERT INTO REFUNDS (payment_id, so_tien_hoan, trang_thai, ly_do, requested_by, approved_by) VALUES (7, 7500000, 'COMPLETED', N'Khách hủy', 11, 1);
INSERT INTO DATPHONG (user_id, voucher_id, check_in, check_out, trang_thai) VALUES (19, NULL, '2023-08-20 14:00:00', '2023-08-22 12:00:00', 'COMPLETED');
INSERT INTO CT_DATPHONG (datphong_id, phong_id, don_gia) VALUES (8, 9, 1500000);
INSERT INTO PAYMENTS (booking_id, user_id, so_tien, phuong_thuc, trang_thai) VALUES (8, 19, 3000000, 'TIEN_MAT', 'PAID');
INSERT INTO REVIEWS (user_id, phong_id, datphong_id, so_sao, binh_luan, trang_thai) VALUES (19, 9, 8, 4, N'Dịch vụ tốt', 'APPROVED');
INSERT INTO DATPHONG (user_id, voucher_id, check_in, check_out, trang_thai) VALUES (4, NULL, '2024-03-24 14:00:00', '2024-03-25 12:00:00', 'COMPLETED');
INSERT INTO CT_DATPHONG (datphong_id, phong_id, don_gia) VALUES (9, 9, 1500000);
INSERT INTO PAYMENTS (booking_id, user_id, so_tien, phuong_thuc, trang_thai) VALUES (9, 4, 1500000, 'THE', 'PAID');
INSERT INTO CT_SUDUNG_DV (datphong_id, dichvu_id, so_luong, don_gia) VALUES (9, 10, 1, 20000);
INSERT INTO REVIEWS (user_id, phong_id, datphong_id, so_sao, binh_luan, trang_thai) VALUES (4, 9, 9, 4, N'Dịch vụ tốt', 'APPROVED');
INSERT INTO DATPHONG (user_id, voucher_id, check_in, check_out, trang_thai) VALUES (6, NULL, '2023-06-20 14:00:00', '2023-06-22 12:00:00', 'COMPLETED');
INSERT INTO CT_DATPHONG (datphong_id, phong_id, don_gia) VALUES (10, 7, 400000);
INSERT INTO PAYMENTS (booking_id, user_id, so_tien, phuong_thuc, trang_thai) VALUES (10, 6, 800000, 'TIEN_MAT', 'PAID');
INSERT INTO CT_SUDUNG_DV (datphong_id, dichvu_id, so_luong, don_gia) VALUES (10, 3, 1, 20000);
INSERT INTO DATPHONG (user_id, voucher_id, check_in, check_out, trang_thai) VALUES (13, 8, '2023-08-31 14:00:00', '2023-09-05 12:00:00', 'COMPLETED');
INSERT INTO CT_DATPHONG (datphong_id, phong_id, don_gia) VALUES (11, 23, 400000);
INSERT INTO PAYMENTS (booking_id, user_id, so_tien, phuong_thuc, trang_thai) VALUES (11, 13, 2000000, 'TIEN_MAT', 'PAID');
INSERT INTO CT_SUDUNG_DV (datphong_id, dichvu_id, so_luong, don_gia) VALUES (11, 6, 4, 20000);
INSERT INTO REVIEWS (user_id, phong_id, datphong_id, so_sao, binh_luan, trang_thai) VALUES (13, 23, 11, 4, N'Tuyệt vời', 'APPROVED');
INSERT INTO DATPHONG (user_id, voucher_id, check_in, check_out, trang_thai) VALUES (11, NULL, '2024-04-14 14:00:00', '2024-04-18 12:00:00', 'COMPLETED');
INSERT INTO CT_DATPHONG (datphong_id, phong_id, don_gia) VALUES (12, 22, 400000);
INSERT INTO PAYMENTS (booking_id, user_id, so_tien, phuong_thuc, trang_thai) VALUES (12, 11, 1600000, 'TIEN_MAT', 'PAID');
INSERT INTO CT_SUDUNG_DV (datphong_id, dichvu_id, so_luong, don_gia) VALUES (12, 9, 5, 20000);
INSERT INTO REVIEWS (user_id, phong_id, datphong_id, so_sao, binh_luan, trang_thai) VALUES (11, 22, 12, 5, N'Dịch vụ tốt', 'APPROVED');
INSERT INTO DATPHONG (user_id, voucher_id, check_in, check_out, trang_thai) VALUES (1, NULL, '2024-03-10 14:00:00', '2024-03-11 12:00:00', 'CANCELLED');
INSERT INTO CT_DATPHONG (datphong_id, phong_id, don_gia) VALUES (13, 10, 1500000);
INSERT INTO PAYMENTS (booking_id, user_id, so_tien, phuong_thuc, trang_thai) VALUES (13, 1, 1500000, 'CHUYEN_KHOAN', 'REFUNDED');
INSERT INTO REFUNDS (payment_id, so_tien_hoan, trang_thai, ly_do, requested_by, approved_by) VALUES (13, 1500000, 'COMPLETED', N'Khách hủy', 1, 1);
INSERT INTO DATPHONG (user_id, voucher_id, check_in, check_out, trang_thai) VALUES (15, NULL, '2024-03-27 14:00:00', '2024-03-31 12:00:00', 'COMPLETED');
INSERT INTO CT_DATPHONG (datphong_id, phong_id, don_gia) VALUES (14, 20, 600000);
INSERT INTO PAYMENTS (booking_id, user_id, so_tien, phuong_thuc, trang_thai) VALUES (14, 15, 2400000, 'TIEN_MAT', 'PAID');
INSERT INTO REVIEWS (user_id, phong_id, datphong_id, so_sao, binh_luan, trang_thai) VALUES (15, 20, 14, 4, N'Tạm ổn', 'APPROVED');
INSERT INTO DATPHONG (user_id, voucher_id, check_in, check_out, trang_thai) VALUES (2, 7, '2024-01-01 14:00:00', '2024-01-04 12:00:00', 'COMPLETED');
INSERT INTO CT_DATPHONG (datphong_id, phong_id, don_gia) VALUES (15, 14, 1500000);
INSERT INTO PAYMENTS (booking_id, user_id, so_tien, phuong_thuc, trang_thai) VALUES (15, 2, 4500000, 'THE', 'PAID');
INSERT INTO CT_SUDUNG_DV (datphong_id, dichvu_id, so_luong, don_gia) VALUES (15, 1, 5, 20000);
INSERT INTO REVIEWS (user_id, phong_id, datphong_id, so_sao, binh_luan, trang_thai) VALUES (2, 14, 15, 3, N'Tuyệt vời', 'APPROVED');
INSERT INTO DATPHONG (user_id, voucher_id, check_in, check_out, trang_thai) VALUES (2, NULL, '2023-02-25 14:00:00', '2023-03-01 12:00:00', 'COMPLETED');
INSERT INTO CT_DATPHONG (datphong_id, phong_id, don_gia) VALUES (16, 29, 600000);
INSERT INTO PAYMENTS (booking_id, user_id, so_tien, phuong_thuc, trang_thai) VALUES (16, 2, 2400000, 'TIEN_MAT', 'PAID');
INSERT INTO REVIEWS (user_id, phong_id, datphong_id, so_sao, binh_luan, trang_thai) VALUES (2, 29, 16, 4, N'Dịch vụ tốt', 'APPROVED');
INSERT INTO DATPHONG (user_id, voucher_id, check_in, check_out, trang_thai) VALUES (20, NULL, '2023-03-06 14:00:00', '2023-03-09 12:00:00', 'COMPLETED');
INSERT INTO CT_DATPHONG (datphong_id, phong_id, don_gia) VALUES (17, 30, 1500000);
INSERT INTO PAYMENTS (booking_id, user_id, so_tien, phuong_thuc, trang_thai) VALUES (17, 20, 4500000, 'CHUYEN_KHOAN', 'PAID');
INSERT INTO CT_SUDUNG_DV (datphong_id, dichvu_id, so_luong, don_gia) VALUES (17, 1, 5, 20000);
INSERT INTO REVIEWS (user_id, phong_id, datphong_id, so_sao, binh_luan, trang_thai) VALUES (20, 30, 17, 5, N'Hơi ồn', 'APPROVED');
INSERT INTO DATPHONG (user_id, voucher_id, check_in, check_out, trang_thai) VALUES (5, 10, '2023-10-23 14:00:00', '2023-10-25 12:00:00', 'COMPLETED');
INSERT INTO CT_DATPHONG (datphong_id, phong_id, don_gia) VALUES (18, 14, 1500000);
INSERT INTO PAYMENTS (booking_id, user_id, so_tien, phuong_thuc, trang_thai) VALUES (18, 5, 3000000, 'THE', 'PAID');
INSERT INTO CT_SUDUNG_DV (datphong_id, dichvu_id, so_luong, don_gia) VALUES (18, 1, 1, 20000);
INSERT INTO REVIEWS (user_id, phong_id, datphong_id, so_sao, binh_luan, trang_thai) VALUES (5, 14, 18, 3, N'Hơi ồn', 'APPROVED');
INSERT INTO DATPHONG (user_id, voucher_id, check_in, check_out, trang_thai) VALUES (1, NULL, '2023-10-05 14:00:00', '2023-10-06 12:00:00', 'COMPLETED');
INSERT INTO CT_DATPHONG (datphong_id, phong_id, don_gia) VALUES (19, 17, 400000);
INSERT INTO PAYMENTS (booking_id, user_id, so_tien, phuong_thuc, trang_thai) VALUES (19, 1, 400000, 'CHUYEN_KHOAN', 'PAID');
INSERT INTO CT_SUDUNG_DV (datphong_id, dichvu_id, so_luong, don_gia) VALUES (19, 3, 5, 20000);
INSERT INTO REVIEWS (user_id, phong_id, datphong_id, so_sao, binh_luan, trang_thai) VALUES (1, 17, 19, 4, N'Tuyệt vời', 'APPROVED');
INSERT INTO DATPHONG (user_id, voucher_id, check_in, check_out, trang_thai) VALUES (5, NULL, '2023-11-09 14:00:00', '2023-11-14 12:00:00', 'CONFIRMED');
INSERT INTO CT_DATPHONG (datphong_id, phong_id, don_gia) VALUES (20, 21, 600000);
INSERT INTO PAYMENTS (booking_id, user_id, so_tien, phuong_thuc, trang_thai) VALUES (20, 5, 3000000, 'CHUYEN_KHOAN', 'PENDING');
INSERT INTO DATPHONG (user_id, voucher_id, check_in, check_out, trang_thai) VALUES (8, NULL, '2023-03-16 14:00:00', '2023-03-18 12:00:00', 'COMPLETED');
INSERT INTO CT_DATPHONG (datphong_id, phong_id, don_gia) VALUES (21, 6, 600000);
INSERT INTO PAYMENTS (booking_id, user_id, so_tien, phuong_thuc, trang_thai) VALUES (21, 8, 1200000, 'CHUYEN_KHOAN', 'PAID');
INSERT INTO DATPHONG (user_id, voucher_id, check_in, check_out, trang_thai) VALUES (8, NULL, '2024-02-24 14:00:00', '2024-02-28 12:00:00', 'COMPLETED');
INSERT INTO CT_DATPHONG (datphong_id, phong_id, don_gia) VALUES (22, 14, 400000);
INSERT INTO PAYMENTS (booking_id, user_id, so_tien, phuong_thuc, trang_thai) VALUES (22, 8, 1600000, 'CHUYEN_KHOAN', 'PAID');
INSERT INTO DATPHONG (user_id, voucher_id, check_in, check_out, trang_thai) VALUES (9, 7, '2023-09-15 14:00:00', '2023-09-19 12:00:00', 'COMPLETED');
INSERT INTO CT_DATPHONG (datphong_id, phong_id, don_gia) VALUES (23, 12, 400000);
INSERT INTO PAYMENTS (booking_id, user_id, so_tien, phuong_thuc, trang_thai) VALUES (23, 9, 1600000, 'TIEN_MAT', 'PAID');
INSERT INTO CT_SUDUNG_DV (datphong_id, dichvu_id, so_luong, don_gia) VALUES (23, 5, 3, 20000);
INSERT INTO REVIEWS (user_id, phong_id, datphong_id, so_sao, binh_luan, trang_thai) VALUES (9, 12, 23, 4, N'Tạm ổn', 'APPROVED');
INSERT INTO DATPHONG (user_id, voucher_id, check_in, check_out, trang_thai) VALUES (6, NULL, '2023-09-24 14:00:00', '2023-09-28 12:00:00', 'COMPLETED');
INSERT INTO CT_DATPHONG (datphong_id, phong_id, don_gia) VALUES (24, 14, 400000);
INSERT INTO PAYMENTS (booking_id, user_id, so_tien, phuong_thuc, trang_thai) VALUES (24, 6, 1600000, 'CHUYEN_KHOAN', 'PAID');
INSERT INTO REVIEWS (user_id, phong_id, datphong_id, so_sao, binh_luan, trang_thai) VALUES (6, 14, 24, 4, N'Tạm ổn', 'APPROVED');
INSERT INTO DATPHONG (user_id, voucher_id, check_in, check_out, trang_thai) VALUES (3, NULL, '2023-02-03 14:00:00', '2023-02-07 12:00:00', 'CANCELLED');
INSERT INTO CT_DATPHONG (datphong_id, phong_id, don_gia) VALUES (25, 20, 600000);
INSERT INTO PAYMENTS (booking_id, user_id, so_tien, phuong_thuc, trang_thai) VALUES (25, 3, 2400000, 'TIEN_MAT', 'REFUNDED');
INSERT INTO REFUNDS (payment_id, so_tien_hoan, trang_thai, ly_do, requested_by, approved_by) VALUES (25, 2400000, 'COMPLETED', N'Khách hủy', 3, 1);
INSERT INTO DATPHONG (user_id, voucher_id, check_in, check_out, trang_thai) VALUES (1, NULL, '2023-01-19 14:00:00', '2023-01-23 12:00:00', 'COMPLETED');
INSERT INTO CT_DATPHONG (datphong_id, phong_id, don_gia) VALUES (26, 7, 600000);
INSERT INTO PAYMENTS (booking_id, user_id, so_tien, phuong_thuc, trang_thai) VALUES (26, 1, 2400000, 'CHUYEN_KHOAN', 'PAID');
INSERT INTO DATPHONG (user_id, voucher_id, check_in, check_out, trang_thai) VALUES (9, 6, '2023-07-08 14:00:00', '2023-07-10 12:00:00', 'CANCELLED');
INSERT INTO CT_DATPHONG (datphong_id, phong_id, don_gia) VALUES (27, 6, 600000);
INSERT INTO PAYMENTS (booking_id, user_id, so_tien, phuong_thuc, trang_thai) VALUES (27, 9, 1200000, 'TIEN_MAT', 'REFUNDED');
INSERT INTO REFUNDS (payment_id, so_tien_hoan, trang_thai, ly_do, requested_by, approved_by) VALUES (27, 1200000, 'COMPLETED', N'Khách hủy', 9, 1);
INSERT INTO DATPHONG (user_id, voucher_id, check_in, check_out, trang_thai) VALUES (14, NULL, '2023-01-02 14:00:00', '2023-01-03 12:00:00', 'COMPLETED');
INSERT INTO CT_DATPHONG (datphong_id, phong_id, don_gia) VALUES (28, 5, 400000);
INSERT INTO PAYMENTS (booking_id, user_id, so_tien, phuong_thuc, trang_thai) VALUES (28, 14, 400000, 'CHUYEN_KHOAN', 'PAID');
INSERT INTO CT_SUDUNG_DV (datphong_id, dichvu_id, so_luong, don_gia) VALUES (28, 10, 5, 20000);
INSERT INTO REVIEWS (user_id, phong_id, datphong_id, so_sao, binh_luan, trang_thai) VALUES (14, 5, 28, 4, N'Dịch vụ tốt', 'APPROVED');
INSERT INTO DATPHONG (user_id, voucher_id, check_in, check_out, trang_thai) VALUES (17, 1, '2023-06-15 14:00:00', '2023-06-20 12:00:00', 'COMPLETED');
INSERT INTO CT_DATPHONG (datphong_id, phong_id, don_gia) VALUES (29, 28, 600000);
INSERT INTO PAYMENTS (booking_id, user_id, so_tien, phuong_thuc, trang_thai) VALUES (29, 17, 3000000, 'TIEN_MAT', 'PAID');
INSERT INTO CT_SUDUNG_DV (datphong_id, dichvu_id, so_luong, don_gia) VALUES (29, 5, 2, 20000);
INSERT INTO REVIEWS (user_id, phong_id, datphong_id, so_sao, binh_luan, trang_thai) VALUES (17, 28, 29, 4, N'Sạch sẽ', 'APPROVED');
INSERT INTO DATPHONG (user_id, voucher_id, check_in, check_out, trang_thai) VALUES (1, NULL, '2023-10-01 14:00:00', '2023-10-02 12:00:00', 'CANCELLED');
INSERT INTO CT_DATPHONG (datphong_id, phong_id, don_gia) VALUES (30, 13, 400000);
INSERT INTO PAYMENTS (booking_id, user_id, so_tien, phuong_thuc, trang_thai) VALUES (30, 1, 400000, 'CHUYEN_KHOAN', 'REFUNDED');
INSERT INTO REFUNDS (payment_id, so_tien_hoan, trang_thai, ly_do, requested_by, approved_by) VALUES (30, 400000, 'COMPLETED', N'Khách hủy', 1, 1);
INSERT INTO DATPHONG (user_id, voucher_id, check_in, check_out, trang_thai) VALUES (12, NULL, '2023-04-08 14:00:00', '2023-04-10 12:00:00', 'COMPLETED');
INSERT INTO CT_DATPHONG (datphong_id, phong_id, don_gia) VALUES (31, 17, 600000);
INSERT INTO PAYMENTS (booking_id, user_id, so_tien, phuong_thuc, trang_thai) VALUES (31, 12, 1200000, 'CHUYEN_KHOAN', 'PAID');
INSERT INTO CT_SUDUNG_DV (datphong_id, dichvu_id, so_luong, don_gia) VALUES (31, 1, 1, 20000);
INSERT INTO DATPHONG (user_id, voucher_id, check_in, check_out, trang_thai) VALUES (11, 8, '2023-02-15 14:00:00', '2023-02-16 12:00:00', 'CONFIRMED');
INSERT INTO CT_DATPHONG (datphong_id, phong_id, don_gia) VALUES (32, 11, 400000);
INSERT INTO PAYMENTS (booking_id, user_id, so_tien, phuong_thuc, trang_thai) VALUES (32, 11, 400000, 'TIEN_MAT', 'PENDING');
INSERT INTO DATPHONG (user_id, voucher_id, check_in, check_out, trang_thai) VALUES (19, 10, '2024-04-09 14:00:00', '2024-04-14 12:00:00', 'CANCELLED');
INSERT INTO CT_DATPHONG (datphong_id, phong_id, don_gia) VALUES (33, 18, 400000);
INSERT INTO PAYMENTS (booking_id, user_id, so_tien, phuong_thuc, trang_thai) VALUES (33, 19, 2000000, 'TIEN_MAT', 'REFUNDED');
INSERT INTO REFUNDS (payment_id, so_tien_hoan, trang_thai, ly_do, requested_by, approved_by) VALUES (33, 2000000, 'COMPLETED', N'Khách hủy', 19, 1);
INSERT INTO DATPHONG (user_id, voucher_id, check_in, check_out, trang_thai) VALUES (18, 3, '2023-04-11 14:00:00', '2023-04-12 12:00:00', 'COMPLETED');
INSERT INTO CT_DATPHONG (datphong_id, phong_id, don_gia) VALUES (34, 13, 1500000);
INSERT INTO PAYMENTS (booking_id, user_id, so_tien, phuong_thuc, trang_thai) VALUES (34, 18, 1500000, 'TIEN_MAT', 'PAID');
INSERT INTO CT_SUDUNG_DV (datphong_id, dichvu_id, so_luong, don_gia) VALUES (34, 7, 3, 20000);
INSERT INTO REVIEWS (user_id, phong_id, datphong_id, so_sao, binh_luan, trang_thai) VALUES (18, 13, 34, 5, N'Dịch vụ tốt', 'APPROVED');
INSERT INTO DATPHONG (user_id, voucher_id, check_in, check_out, trang_thai) VALUES (5, NULL, '2023-02-01 14:00:00', '2023-02-03 12:00:00', 'CANCELLED');
INSERT INTO CT_DATPHONG (datphong_id, phong_id, don_gia) VALUES (35, 8, 1500000);
INSERT INTO PAYMENTS (booking_id, user_id, so_tien, phuong_thuc, trang_thai) VALUES (35, 5, 3000000, 'TIEN_MAT', 'REFUNDED');
INSERT INTO REFUNDS (payment_id, so_tien_hoan, trang_thai, ly_do, requested_by, approved_by) VALUES (35, 3000000, 'COMPLETED', N'Khách hủy', 5, 1);
INSERT INTO DATPHONG (user_id, voucher_id, check_in, check_out, trang_thai) VALUES (6, 9, '2023-07-29 14:00:00', '2023-07-31 12:00:00', 'COMPLETED');
INSERT INTO CT_DATPHONG (datphong_id, phong_id, don_gia) VALUES (36, 11, 400000);
INSERT INTO PAYMENTS (booking_id, user_id, so_tien, phuong_thuc, trang_thai) VALUES (36, 6, 800000, 'THE', 'PAID');
INSERT INTO DATPHONG (user_id, voucher_id, check_in, check_out, trang_thai) VALUES (4, NULL, '2023-09-07 14:00:00', '2023-09-09 12:00:00', 'CANCELLED');
INSERT INTO CT_DATPHONG (datphong_id, phong_id, don_gia) VALUES (37, 19, 600000);
INSERT INTO PAYMENTS (booking_id, user_id, so_tien, phuong_thuc, trang_thai) VALUES (37, 4, 1200000, 'THE', 'REFUNDED');
INSERT INTO REFUNDS (payment_id, so_tien_hoan, trang_thai, ly_do, requested_by, approved_by) VALUES (37, 1200000, 'COMPLETED', N'Khách hủy', 4, 1);
INSERT INTO DATPHONG (user_id, voucher_id, check_in, check_out, trang_thai) VALUES (13, NULL, '2023-04-11 14:00:00', '2023-04-16 12:00:00', 'CANCELLED');
INSERT INTO CT_DATPHONG (datphong_id, phong_id, don_gia) VALUES (38, 19, 400000);
INSERT INTO PAYMENTS (booking_id, user_id, so_tien, phuong_thuc, trang_thai) VALUES (38, 13, 2000000, 'THE', 'REFUNDED');
INSERT INTO REFUNDS (payment_id, so_tien_hoan, trang_thai, ly_do, requested_by, approved_by) VALUES (38, 2000000, 'COMPLETED', N'Khách hủy', 13, 1);
INSERT INTO DATPHONG (user_id, voucher_id, check_in, check_out, trang_thai) VALUES (1, NULL, '2023-07-20 14:00:00', '2023-07-25 12:00:00', 'COMPLETED');
INSERT INTO CT_DATPHONG (datphong_id, phong_id, don_gia) VALUES (39, 5, 1500000);
INSERT INTO PAYMENTS (booking_id, user_id, so_tien, phuong_thuc, trang_thai) VALUES (39, 1, 7500000, 'THE', 'PAID');
INSERT INTO CT_SUDUNG_DV (datphong_id, dichvu_id, so_luong, don_gia) VALUES (39, 2, 5, 20000);
INSERT INTO DATPHONG (user_id, voucher_id, check_in, check_out, trang_thai) VALUES (17, NULL, '2023-10-15 14:00:00', '2023-10-17 12:00:00', 'CONFIRMED');
INSERT INTO CT_DATPHONG (datphong_id, phong_id, don_gia) VALUES (40, 7, 400000);
INSERT INTO PAYMENTS (booking_id, user_id, so_tien, phuong_thuc, trang_thai) VALUES (40, 17, 800000, 'TIEN_MAT', 'PENDING');
INSERT INTO DATPHONG (user_id, voucher_id, check_in, check_out, trang_thai) VALUES (14, NULL, '2023-07-30 14:00:00', '2023-08-02 12:00:00', 'CONFIRMED');
INSERT INTO CT_DATPHONG (datphong_id, phong_id, don_gia) VALUES (41, 10, 600000);
INSERT INTO PAYMENTS (booking_id, user_id, so_tien, phuong_thuc, trang_thai) VALUES (41, 14, 1800000, 'THE', 'PENDING');
INSERT INTO DATPHONG (user_id, voucher_id, check_in, check_out, trang_thai) VALUES (3, NULL, '2023-10-24 14:00:00', '2023-10-25 12:00:00', 'CANCELLED');
INSERT INTO CT_DATPHONG (datphong_id, phong_id, don_gia) VALUES (42, 7, 1500000);
INSERT INTO PAYMENTS (booking_id, user_id, so_tien, phuong_thuc, trang_thai) VALUES (42, 3, 1500000, 'CHUYEN_KHOAN', 'REFUNDED');
INSERT INTO REFUNDS (payment_id, so_tien_hoan, trang_thai, ly_do, requested_by, approved_by) VALUES (42, 1500000, 'COMPLETED', N'Khách hủy', 3, 1);
INSERT INTO DATPHONG (user_id, voucher_id, check_in, check_out, trang_thai) VALUES (2, NULL, '2023-04-27 14:00:00', '2023-04-29 12:00:00', 'COMPLETED');
INSERT INTO CT_DATPHONG (datphong_id, phong_id, don_gia) VALUES (43, 20, 400000);
INSERT INTO PAYMENTS (booking_id, user_id, so_tien, phuong_thuc, trang_thai) VALUES (43, 2, 800000, 'THE', 'PAID');
INSERT INTO REVIEWS (user_id, phong_id, datphong_id, so_sao, binh_luan, trang_thai) VALUES (2, 20, 43, 5, N'Tuyệt vời', 'APPROVED');
INSERT INTO DATPHONG (user_id, voucher_id, check_in, check_out, trang_thai) VALUES (4, NULL, '2023-06-29 14:00:00', '2023-07-03 12:00:00', 'CONFIRMED');
INSERT INTO CT_DATPHONG (datphong_id, phong_id, don_gia) VALUES (44, 6, 600000);
INSERT INTO PAYMENTS (booking_id, user_id, so_tien, phuong_thuc, trang_thai) VALUES (44, 4, 2400000, 'THE', 'PENDING');
INSERT INTO DATPHONG (user_id, voucher_id, check_in, check_out, trang_thai) VALUES (11, NULL, '2024-02-13 14:00:00', '2024-02-15 12:00:00', 'CONFIRMED');
INSERT INTO CT_DATPHONG (datphong_id, phong_id, don_gia) VALUES (45, 17, 400000);
INSERT INTO PAYMENTS (booking_id, user_id, so_tien, phuong_thuc, trang_thai) VALUES (45, 11, 800000, 'CHUYEN_KHOAN', 'PENDING');
INSERT INTO DATPHONG (user_id, voucher_id, check_in, check_out, trang_thai) VALUES (3, NULL, '2023-12-27 14:00:00', '2023-12-28 12:00:00', 'COMPLETED');
INSERT INTO CT_DATPHONG (datphong_id, phong_id, don_gia) VALUES (46, 16, 400000);
INSERT INTO PAYMENTS (booking_id, user_id, so_tien, phuong_thuc, trang_thai) VALUES (46, 3, 400000, 'THE', 'PAID');
INSERT INTO REVIEWS (user_id, phong_id, datphong_id, so_sao, binh_luan, trang_thai) VALUES (3, 16, 46, 4, N'Dịch vụ tốt', 'APPROVED');
INSERT INTO DATPHONG (user_id, voucher_id, check_in, check_out, trang_thai) VALUES (10, 4, '2023-04-03 14:00:00', '2023-04-04 12:00:00', 'CANCELLED');
INSERT INTO CT_DATPHONG (datphong_id, phong_id, don_gia) VALUES (47, 22, 400000);
INSERT INTO PAYMENTS (booking_id, user_id, so_tien, phuong_thuc, trang_thai) VALUES (47, 10, 400000, 'THE', 'REFUNDED');
INSERT INTO REFUNDS (payment_id, so_tien_hoan, trang_thai, ly_do, requested_by, approved_by) VALUES (47, 400000, 'COMPLETED', N'Khách hủy', 10, 1);
INSERT INTO DATPHONG (user_id, voucher_id, check_in, check_out, trang_thai) VALUES (17, NULL, '2023-05-09 14:00:00', '2023-05-14 12:00:00', 'COMPLETED');
INSERT INTO CT_DATPHONG (datphong_id, phong_id, don_gia) VALUES (48, 19, 400000);
INSERT INTO PAYMENTS (booking_id, user_id, so_tien, phuong_thuc, trang_thai) VALUES (48, 17, 2000000, 'CHUYEN_KHOAN', 'PAID');
INSERT INTO CT_SUDUNG_DV (datphong_id, dichvu_id, so_luong, don_gia) VALUES (48, 7, 1, 20000);
INSERT INTO DATPHONG (user_id, voucher_id, check_in, check_out, trang_thai) VALUES (20, NULL, '2023-06-21 14:00:00', '2023-06-22 12:00:00', 'CANCELLED');
INSERT INTO CT_DATPHONG (datphong_id, phong_id, don_gia) VALUES (49, 9, 1500000);
INSERT INTO PAYMENTS (booking_id, user_id, so_tien, phuong_thuc, trang_thai) VALUES (49, 20, 1500000, 'CHUYEN_KHOAN', 'REFUNDED');
INSERT INTO REFUNDS (payment_id, so_tien_hoan, trang_thai, ly_do, requested_by, approved_by) VALUES (49, 1500000, 'COMPLETED', N'Khách hủy', 20, 1);
INSERT INTO DATPHONG (user_id, voucher_id, check_in, check_out, trang_thai) VALUES (4, NULL, '2023-07-07 14:00:00', '2023-07-11 12:00:00', 'CANCELLED');
INSERT INTO CT_DATPHONG (datphong_id, phong_id, don_gia) VALUES (50, 19, 1500000);
INSERT INTO PAYMENTS (booking_id, user_id, so_tien, phuong_thuc, trang_thai) VALUES (50, 4, 6000000, 'CHUYEN_KHOAN', 'REFUNDED');
INSERT INTO REFUNDS (payment_id, so_tien_hoan, trang_thai, ly_do, requested_by, approved_by) VALUES (50, 6000000, 'COMPLETED', N'Khách hủy', 4, 1);
GO